version,date,diff,field_check_m,logger_val_m,Site_ID
original_depth,2022-04-15T00:00:00Z,0.35206703246739846,0.23,-0.12206703246739842,13_263
original_depth,2023-11-14T00:00:00Z,0.059555740929663425,-0.52,-0.5795557409296634,13_263
original_depth,2024-05-01T00:00:00Z,0.12512347287118802,-1e-4,-0.125223472871188,13_263
depth_avg,2022-04-15T00:00:00Z,0.4220670324673983,0.23,-0.1920670324673983,13_263
depth_avg,2023-11-14T00:00:00Z,0.03955574092966341,-0.52,-0.5595557409296634,13_263
depth_avg,2024-05-01T00:00:00Z,0.14512347287118804,-1e-4,-0.14522347287118803,13_263
revised_depth,2022-04-15T00:00:00Z,NA,0.23,NA,13_263
revised_depth,2023-11-14T00:00:00Z,-0.0304442590703366,-0.52,-0.4895557409296634,13_263
revised_depth,2024-05-01T00:00:00Z,0.07512347287118802,-1e-4,-0.07522347287118802,13_263
original_depth,2021-10-13T00:00:00Z,1.1088949949617057,0.1,-1.0088949949617056,13_267
original_depth,2023-11-14T00:00:00Z,0.05474532979368979,-0.12,-0.17474532979368979,13_267
original_depth,2024-05-01T00:00:00Z,0.16633506557922229,-0.001,-0.1673350655792223,13_267
depth_avg,2021-10-13T00:00:00Z,0.47222832829504024,0.1,-0.37222832829504027,13_267
depth_avg,2023-11-14T00:00:00Z,0.3880786631270232,-0.12,-0.5080786631270232,13_267
depth_avg,2024-05-01T00:00:00Z,0.4696683989125557,-0.001,-0.4706683989125557,13_267
revised_depth,2021-10-13T00:00:00Z,0.13889499496170693,0.1,-0.038894994961706925,13_267
revised_depth,2023-11-14T00:00:00Z,0.05474532979368982,-0.12,-0.1747453297936898,13_267
revised_depth,2024-05-01T00:00:00Z,0.13633506557922231,-0.001,-0.13733506557922232,13_267
original_depth,2023-11-14T00:00:00Z,-0.004007110286948001,-0.67,-0.665992889713052,13_271
original_depth,2024-05-01T00:00:00Z,-0.7490076607728973,-0.006500000000000001,0.7425076607728973,13_271
depth_avg,2023-11-14T00:00:00Z,-0.4873404436202814,-0.67,-0.18265955637971865,13_271
depth_avg,2024-05-01T00:00:00Z,0.13765900589376925,-0.006500000000000001,-0.14415900589376926,13_271
revised_depth,2023-11-14T00:00:00Z,-0.08400711028694807,-0.67,-0.585992889713052,13_271
revised_depth,2024-05-01T00:00:00Z,0.5409923392271025,-0.006500000000000001,-0.5474923392271025,13_271
original_depth,2021-10-13T00:00:00Z,1.1014141920845821,0.1,-1.001414192084582,13_410
original_depth,2023-11-14T00:00:00Z,-0.021092343548323622,-0.35,-0.32890765645167636,13_410
original_depth,2024-05-01T00:00:00Z,0.3100935257562824,0.0026,-0.3074935257562824,13_410
depth_avg,2021-10-13T00:00:00Z,0.49474752541791533,0.1,-0.39474752541791536,13_410
depth_avg,2023-11-14T00:00:00Z,0.3022409897850097,-0.35,-0.6522409897850097,13_410
depth_avg,2024-05-01T00:00:00Z,0.5934268590896158,0.0026,-0.5908268590896157,13_410
revised_depth,2021-10-13T00:00:00Z,0.171414192084582,0.1,-0.071414192084582,13_410
revised_depth,2023-11-14T00:00:00Z,-0.021092343548323678,-0.35,-0.3289076564516763,13_410
revised_depth,2024-05-01T00:00:00Z,0.27009352575628237,0.0026,-0.2674935257562824,13_410
original_depth,2021-12-14T00:00:00Z,0.09449664353874171,0.09,-0.0044966435387417125,14/9_168
original_depth,2023-11-10T00:00:00Z,0.00277617297658847,-0.06,-0.06277617297658847,14/9_168
original_depth,2024-04-22T00:00:00Z,0.002945276999644987,-1e-4,-0.003045276999644987,14/9_168
depth_avg,2021-12-14T00:00:00Z,0.10782997687207505,0.09,-0.01782997687207505,14/9_168
depth_avg,2023-11-10T00:00:00Z,0.016109506309921834,-0.06,-0.07610950630992183,14/9_168
depth_avg,2024-04-22T00:00:00Z,0.016278610332978342,-1e-4,-0.01637861033297834,14/9_168
revised_depth,2021-12-14T00:00:00Z,0.07449664353874172,0.09,0.015503356461258277,14/9_168
revised_depth,2023-11-10T00:00:00Z,-0.017223827023411485,-0.06,-0.04277617297658851,14/9_168
revised_depth,2024-04-22T00:00:00Z,-0.017054723000354984,-1e-4,0.016954723000354985,14/9_168
original_depth,2021-12-08T00:00:00Z,0.3120981448955908,0.23,-0.08209814489559077,14/9_527
original_depth,2022-10-19T00:00:00Z,0.05925948571264736,0.19,0.13074051428735264,14/9_527
original_depth,2023-11-10T00:00:00Z,-0.05065128781772704,0.17,0.22065128781772705,14/9_527
original_depth,2024-04-22T00:00:00Z,-0.08852361735026468,0.17,0.2585236173502647,14/9_527
depth_avg,2021-12-08T00:00:00Z,0.3854314782289242,0.23,-0.15543147822892417,14/9_527
depth_avg,2022-10-19T00:00:00Z,0.13259281904598075,0.19,0.057407180954019255,14/9_527
depth_avg,2023-11-10T00:00:00Z,0.022682045515606375,0.17,0.14731795448439364,14/9_527
depth_avg,2024-04-22T00:00:00Z,-0.015190284016931344,0.17,0.18519028401693136,14/9_527
revised_depth,2021-12-08T00:00:00Z,0.33209814489559086,0.23,-0.10209814489559083,14/9_527
revised_depth,2022-10-19T00:00:00Z,0.0792594857126474,0.19,0.1107405142873526,14/9_527
revised_depth,2023-11-10T00:00:00Z,-0.03065128781772697,0.17,0.20065128781772698,14/9_527
revised_depth,2024-04-22T00:00:00Z,-0.06852361735026469,0.17,0.2385236173502647,14/9_527
original_depth,2021-10-08T00:00:00Z,0.17619032722913958,0.47,0.2938096727708604,14/9_601
original_depth,2022-10-17T00:00:00Z,0.13048952651265,0.31,0.17951047348735,14/9_601
original_depth,2023-10-30T00:00:00Z,0.09271223585925475,0.38,0.28728776414074525,14/9_601
original_depth,2024-04-15T00:00:00Z,0.07635466427957693,0.39,0.3136453357204231,14/9_601
depth_avg,2021-10-08T00:00:00Z,0.46285699389580615,0.47,0.007143006104193837,14/9_601
depth_avg,2022-10-17T00:00:00Z,0.4171561931793166,0.31,-0.10715619317931661,14/9_601
depth_avg,2023-10-30T00:00:00Z,0.3793789025259214,0.38,6.210974740786415e-4,14/9_601
depth_avg,2024-04-15T00:00:00Z,0.3630213309462435,0.39,0.026978669053756534,14/9_601
revised_depth,2021-10-08T00:00:00Z,0.08619032722913944,0.47,0.38380967277086053,14/9_601
revised_depth,2022-10-17T00:00:00Z,0.04048952651264992,0.31,0.2695104734873501,14/9_601
revised_depth,2023-10-30T00:00:00Z,0.0027122358592546747,0.38,0.37728776414074533,14/9_601
revised_depth,2024-04-15T00:00:00Z,-0.013645335720423202,0.39,0.4036453357204232,14/9_601
original_depth,2021-09-27T00:00:00Z,NA,0.276,NA,14_115
original_depth,2021-10-08T00:00:00Z,0.06362390724781468,0.18,0.11637609275218531,14_115
original_depth,2023-11-10T00:00:00Z,0.9961661283928628,0.93,-0.06616612839286273,14_115
original_depth,2024-04-15T00:00:00Z,0.023460170556704768,0.15,0.12653982944329523,14_115
depth_avg,2021-09-27T00:00:00Z,NA,0.276,NA,14_115
depth_avg,2021-10-08T00:00:00Z,0.076957240581148,0.18,0.10304275941885199,14_115
depth_avg,2023-11-10T00:00:00Z,1.009499461726196,0.93,-0.0794994617261961,14_115
depth_avg,2024-04-15T00:00:00Z,-0.0032064961099619316,0.15,0.15320649610996193,14_115
revised_depth,2021-09-27T00:00:00Z,NA,0.276,NA,14_115
revised_depth,2021-10-08T00:00:00Z,0.06362390724781469,0.18,0.1163760927521853,14_115
revised_depth,2023-11-10T00:00:00Z,0.9961661283928629,0.93,-0.06616612839286279,14_115
revised_depth,2024-04-15T00:00:00Z,-0.01653982944329524,0.15,0.16653982944329523,14_115
original_depth,2021-12-08T00:00:00Z,0.27941883338312123,0.84,0.5605811666168787,14_15
original_depth,2022-10-19T00:00:00Z,0.030022568984531817,0.38,0.3499774310154682,14_15
original_depth,2023-11-10T00:00:00Z,0.014202917951290472,0.63,0.6157970820487095,14_15
original_depth,2024-04-22T00:00:00Z,0.01826498939711174,0.76,0.7417350106028883,14_15
depth_avg,2021-12-08T00:00:00Z,0.3360855000497891,0.84,0.5039144999502109,14_15
depth_avg,2022-10-19T00:00:00Z,0.08668923565119852,0.38,0.2933107643488015,14_15
depth_avg,2023-11-10T00:00:00Z,-0.019130415382042743,0.63,0.6491304153820427,14_15
depth_avg,2024-04-22T00:00:00Z,-0.0050683439362217975,0.76,0.7650683439362218,14_15
revised_depth,2021-12-08T00:00:00Z,0.27941883338312234,0.84,0.5605811666168776,14_15
revised_depth,2022-10-19T00:00:00Z,0.030022568984531817,0.38,0.3499774310154682,14_15
revised_depth,2023-11-10T00:00:00Z,-0.0757970820487095,0.63,0.7057970820487095,14_15
revised_depth,2024-04-22T00:00:00Z,-0.06173501060288844,0.76,0.8217350106028884,14_15
original_depth,2023-11-10T00:00:00Z,0.01619740087965016,-0.75,-0.7661974008796502,14_418
depth_avg,2023-11-10T00:00:00Z,0.02286406754631698,-0.75,-0.772864067546317,14_418
revised_depth,2023-11-10T00:00:00Z,-0.003802599120349748,-0.75,-0.7461974008796503,14_418
original_depth,2021-09-27T00:00:00Z,NA,0.27399999999999997,NA,14_500
original_depth,2021-12-13T00:00:00Z,0.06565069935334672,0.26,0.1943493006466533,14_500
original_depth,2022-10-17T00:00:00Z,-0.003565357565497529,0.18,0.18356535756549752,14_500
original_depth,2023-11-10T00:00:00Z,0.043707410142092964,0.09,0.04629258985790703,14_500
original_depth,2024-04-09T00:00:00Z,-0.10840321498824815,0.09,0.19840321498824814,14_500
depth_avg,2021-09-27T00:00:00Z,NA,0.27399999999999997,NA,14_500
depth_avg,2021-12-13T00:00:00Z,0.11565069935334671,0.26,0.1443493006466533,14_500
depth_avg,2022-10-17T00:00:00Z,0.04643464243450246,0.18,0.13356535756549753,14_500
depth_avg,2023-11-10T00:00:00Z,0.013707410142093049,0.09,0.07629258985790695,14_500
depth_avg,2024-04-09T00:00:00Z,-0.12840321498824814,0.09,0.21840321498824813,14_500
revised_depth,2021-09-27T00:00:00Z,NA,0.27399999999999997,NA,14_500
revised_depth,2021-12-13T00:00:00Z,0.06565069935334672,0.26,0.1943493006466533,14_500
revised_depth,2022-10-17T00:00:00Z,-0.003565357565497529,0.18,0.18356535756549752,14_500
revised_depth,2023-11-10T00:00:00Z,-0.036292589857906926,0.09,0.12629258985790692,14_500
revised_depth,2024-04-09T00:00:00Z,-0.17840321498824815,0.09,0.26840321498824815,14_500
original_depth,2021-10-27T00:00:00Z,0.0778733957467917,0.27,0.19212660425320832,14_538
original_depth,2022-10-17T00:00:00Z,0.012766358536669964,0.265,0.25223364146333005,14_538
original_depth,2023-11-13T00:00:00Z,0.040123065549161646,0.29,0.24987693445083833,14_538
original_depth,2024-04-22T00:00:00Z,NA,0.34,NA,14_538
depth_avg,2021-10-27T00:00:00Z,0.10787339574679167,0.27,0.16212660425320835,14_538
depth_avg,2022-10-17T00:00:00Z,0.04276635853666996,0.265,0.22223364146333005,14_538
depth_avg,2023-11-13T00:00:00Z,0.010123065549161592,0.29,0.2798769344508384,14_538
depth_avg,2024-04-22T00:00:00Z,NA,0.34,NA,14_538
revised_depth,2021-10-27T00:00:00Z,0.07787339574679164,0.27,0.19212660425320838,14_538
revised_depth,2022-10-17T00:00:00Z,0.012766358536669964,0.265,0.25223364146333005,14_538
revised_depth,2023-11-13T00:00:00Z,-0.019876934450838435,0.29,0.3098769344508384,14_538
revised_depth,2024-04-22T00:00:00Z,NA,0.34,NA,14_538
original_depth,2021-10-27T00:00:00Z,0.08458744553852748,0.13,0.04541255446147252,14_610
original_depth,2023-11-13T00:00:00Z,0.047202103495116,0.12,0.072797896504884,14_610
original_depth,2024-04-24T00:00:00Z,0.06207066636355468,0.27,0.20792933363644533,14_610
depth_avg,2021-10-27T00:00:00Z,0.09958744553852736,0.13,0.030412554461472653,14_610
depth_avg,2023-11-13T00:00:00Z,0.0322021034951159,0.12,0.0877978965048841,14_610
depth_avg,2024-04-24T00:00:00Z,0.05707066636355465,0.27,0.21292933363644537,14_610
revised_depth,2021-10-27T00:00:00Z,0.08458744553852746,0.13,0.045412554461472555,14_610
revised_depth,2023-11-13T00:00:00Z,0.017202103495116,0.12,0.102797896504884,14_610
revised_depth,2024-04-24T00:00:00Z,0.04207066636355475,0.27,0.22792933363644527,14_610
original_depth,2023-11-13T00:00:00Z,0.06625326388992675,-0.28,-0.3462532638899268,14_612
original_depth,2024-04-24T00:00:00Z,0.07934482778056431,-0.12,-0.1993448277805643,14_612
depth_avg,2023-11-13T00:00:00Z,0.039586597223260134,-0.28,-0.31958659722326016,14_612
depth_avg,2024-04-24T00:00:00Z,0.05267816111389767,-0.12,-0.17267816111389767,14_612
revised_depth,2023-11-13T00:00:00Z,-0.01374673611007321,-0.28,-0.2662532638899268,14_612
revised_depth,2024-04-24T00:00:00Z,-6.551722194356735e-4,-0.12,-0.11934482778056432,14_612
original_depth,2023-11-13T00:00:00Z,0.10546747154100353,-0.17,-0.27546747154100354,14_616
original_depth,2024-04-22T00:00:00Z,-0.03500427595896535,0.06,0.09500427595896535,14_616
depth_avg,2023-11-13T00:00:00Z,0.04880080487433694,-0.17,-0.21880080487433695,14_616
depth_avg,2024-04-22T00:00:00Z,0.028329057374368027,0.06,0.03167094262563197,14_616
revised_depth,2023-11-13T00:00:00Z,0.05546747154100365,-0.17,-0.22546747154100366,14_616
revised_depth,2024-04-22T00:00:00Z,0.03499572404103474,0.06,0.02500427595896526,14_616
original_depth,2021-09-27T00:00:00Z,NA,0.055,NA,15_268
original_depth,2023-11-10T00:00:00Z,0.18769246076041549,-0.23,-0.4176924607604155,15_268
depth_avg,2021-09-27T00:00:00Z,NA,0.055,NA,15_268
depth_avg,2023-11-10T00:00:00Z,0.1443591274270822,-0.23,-0.3743591274270822,15_268
revised_depth,2021-09-27T00:00:00Z,NA,0.055,NA,15_268
revised_depth,2023-11-10T00:00:00Z,0.10769246076041558,-0.23,-0.3376924607604156,15_268
original_depth,2021-09-27T00:00:00Z,NA,0.39,NA,15_4
original_depth,2021-12-13T00:00:00Z,NA,0.17,NA,15_4
original_depth,2022-10-12T00:00:00Z,0.05447068803228526,0.13,0.07552931196771474,15_4
original_depth,2024-04-15T00:00:00Z,0.03584063713581977,0.02,-0.01584063713581977,15_4
depth_avg,2021-09-27T00:00:00Z,NA,0.39,NA,15_4
depth_avg,2021-12-13T00:00:00Z,NA,0.17,NA,15_4
depth_avg,2022-10-12T00:00:00Z,0.07947068803228541,0.13,0.0505293119677146,15_4
depth_avg,2024-04-15T00:00:00Z,8.406371358197599e-4,0.02,0.01915936286418024,15_4
revised_depth,2021-09-27T00:00:00Z,NA,0.39,NA,15_4
revised_depth,2021-12-13T00:00:00Z,NA,0.17,NA,15_4
revised_depth,2022-10-12T00:00:00Z,0.09447068803228531,0.13,0.0355293119677147,15_4
revised_depth,2024-04-15T00:00:00Z,0.015840637135819662,0.02,0.004159362864180338,15_4
original_depth,2021-09-27T00:00:00Z,NA,0.27399999999999997,NA,15_409
original_depth,2021-12-13T00:00:00Z,0.05819147372560468,0.18,0.12180852627439531,15_409
original_depth,2023-11-10T00:00:00Z,0.009068791016370037,-0.24,-0.24906879101637003,15_409
original_depth,2024-04-15T00:00:00Z,0.03502864486248444,0.23,0.19497135513751557,15_409
depth_avg,2021-09-27T00:00:00Z,NA,0.27399999999999997,NA,15_409
depth_avg,2021-12-13T00:00:00Z,0.1248581403922713,0.18,0.055141859607728695,15_409
depth_avg,2023-11-10T00:00:00Z,-0.014264542316963363,-0.24,-0.22573545768303663,15_409
depth_avg,2024-04-15T00:00:00Z,-0.008304688470848948,0.23,0.23830468847084896,15_409
revised_depth,2021-09-27T00:00:00Z,NA,0.27399999999999997,NA,15_409
revised_depth,2021-12-13T00:00:00Z,0.05819147372560465,0.18,0.12180852627439534,15_409
revised_depth,2023-11-10T00:00:00Z,-0.08093120898363002,-0.24,-0.15906879101636998,15_409
revised_depth,2024-04-15T00:00:00Z,-0.0749713551375156,0.23,0.3049713551375156,15_409
original_depth,2021-09-27T00:00:00Z,NA,0.14,NA,15_516
original_depth,2021-12-13T00:00:00Z,0.027889684870278472,0.14,0.11211031512972154,15_516
original_depth,2024-04-15T00:00:00Z,0.09865213898259972,0.09,-0.008652138982599727,15_516
depth_avg,2021-09-27T00:00:00Z,NA,0.14,NA,15_516
depth_avg,2021-12-13T00:00:00Z,0.09122301820361182,0.14,0.04877698179638819,15_516
depth_avg,2024-04-15T00:00:00Z,0.06198547231593296,0.09,0.02801452768406704,15_516
revised_depth,2021-09-27T00:00:00Z,NA,0.14,NA,15_516
revised_depth,2021-12-13T00:00:00Z,0.027889684870278472,0.14,0.11211031512972154,15_516
revised_depth,2024-04-15T00:00:00Z,-0.0013478610174003924,0.09,0.09134786101740039,15_516
original_depth,2021-11-03T00:00:00Z,0.16830275310900267,0.08,-0.08830275310900267,3_173
original_depth,2022-10-19T00:00:00Z,0.007400400558377053,0.01,0.002599599441622947,3_173
original_depth,2023-11-14T00:00:00Z,-0.04670292734524861,0.03,0.07670292734524861,3_173
original_depth,2024-05-03T00:00:00Z,0.11815564784276454,-0.0015,-0.11965564784276454,3_173
depth_avg,2021-11-03T00:00:00Z,0.18496941977566947,0.08,-0.10496941977566947,3_173
depth_avg,2022-10-19T00:00:00Z,0.024067067225043766,0.01,-0.014067067225043766,3_173
depth_avg,2023-11-14T00:00:00Z,-0.01003626067858189,0.03,0.04003626067858189,3_173
depth_avg,2024-05-03T00:00:00Z,0.06482231450943123,-0.0015,-0.06632231450943123,3_173
revised_depth,2021-11-03T00:00:00Z,0.16830275310900278,0.08,-0.08830275310900279,3_173
revised_depth,2022-10-19T00:00:00Z,0.007400400558377103,0.01,0.002599599441622897,3_173
revised_depth,2023-11-14T00:00:00Z,-0.026702927345248553,0.03,0.05670292734524855,3_173
revised_depth,2024-05-03T00:00:00Z,0.048155647842764555,-0.0015,-0.04965564784276456,3_173
original_depth,2021-11-03T00:00:00Z,0.014418803033410615,0.21,0.19558119696658938,3_21
original_depth,2022-10-19T00:00:00Z,-0.2934969233970084,0.13,0.4234969233970084,3_21
original_depth,2024-05-03T00:00:00Z,-1.0858747740454164,9e-4,1.0867747740454163,3_21
depth_avg,2021-11-03T00:00:00Z,-0.3589145302999218,0.21,0.5689145302999218,3_21
depth_avg,2022-10-19T00:00:00Z,-0.666830256730342,0.13,0.796830256730342,3_21
depth_avg,2024-05-03T00:00:00Z,-0.3842081073787493,9e-4,0.3851081073787493,3_21
revised_depth,2021-11-03T00:00:00Z,0.014418803033411559,0.21,0.19558119696658843,3_21
revised_depth,2022-10-19T00:00:00Z,-0.29349692339700867,0.13,0.4234969233970087,3_21
revised_depth,2024-05-03T00:00:00Z,-0.010874774045415958,9e-4,0.011774774045415957,3_21
original_depth,2021-11-03T00:00:00Z,0.03729028458056934,0.065,0.02770971541943066,3_23
original_depth,2023-11-14T00:00:00Z,0.015337017643732298,-0.37,-0.3853370176437323,3_23
original_depth,2024-05-03T00:00:00Z,0.14176257310176982,-0.0031,-0.1448625731017698,3_23
depth_avg,2021-11-03T00:00:00Z,-0.009376382086097562,0.065,0.07437638208609756,3_23
depth_avg,2023-11-14T00:00:00Z,-0.051329649022934354,-0.37,-0.31867035097706564,3_23
depth_avg,2024-05-03T00:00:00Z,0.2550959064351033,-0.0031,-0.2581959064351033,3_23
revised_depth,2021-11-03T00:00:00Z,0.03729028458056908,0.065,0.027709715419430923,3_23
revised_depth,2023-11-14T00:00:00Z,-0.00466298235626772,-0.37,-0.3653370176437323,3_23
revised_depth,2024-05-03T00:00:00Z,0.30176257310176996,-0.0031,-0.30486257310176995,3_23
original_depth,2021-12-01T00:00:00Z,0.022465989174402633,0.04,0.017534010825597367,3_244
original_depth,2022-10-19T00:00:00Z,-0.008196575681688807,0.05,0.05819657568168881,3_244
original_depth,2023-11-14T00:00:00Z,0.08277556420725492,-0.03,-0.11277556420725492,3_244
depth_avg,2021-12-01T00:00:00Z,0.05246598917440273,0.04,-0.012465989174402734,3_244
depth_avg,2022-10-19T00:00:00Z,0.02180342431831129,0.05,0.028196575681688714,3_244
depth_avg,2023-11-14T00:00:00Z,0.09277556420725507,-0.03,-0.12277556420725506,3_244
revised_depth,2021-12-01T00:00:00Z,0.02246598917440271,0.04,0.01753401082559729,3_244
revised_depth,2022-10-19T00:00:00Z,-0.008196575681688738,0.05,0.05819657568168874,3_244
revised_depth,2023-11-14T00:00:00Z,0.06277556420725504,-0.03,-0.09277556420725504,3_244
original_depth,2022-10-19T00:00:00Z,-0.017500865673667876,0.18,0.19750086567366787,3_311
original_depth,2023-11-17T00:00:00Z,-0.038862214404270456,0.26,0.29886221440427047,3_311
original_depth,2024-05-03T00:00:00Z,-0.09667600426109951,0.19,0.2866760042610995,3_311
depth_avg,2022-10-19T00:00:00Z,-0.02416753234033467,0.18,0.20416753234033466,3_311
depth_avg,2023-11-17T00:00:00Z,-0.03552888107093716,0.26,0.29552888107093717,3_311
depth_avg,2024-05-03T00:00:00Z,-0.09334267092776616,0.19,0.28334267092776616,3_311
revised_depth,2022-10-19T00:00:00Z,-0.01750086567366796,0.18,0.19750086567366795,3_311
revised_depth,2023-11-17T00:00:00Z,-0.028862214404270448,0.26,0.28886221440427046,3_311
revised_depth,2024-05-03T00:00:00Z,-0.08667600426109945,0.19,0.27667600426109945,3_311
original_depth,2021-10-20T00:00:00Z,NA,0.02,NA,3_34
original_depth,2023-11-14T00:00:00Z,-0.012847702454298088,-0.21,-0.1971522975457019,3_34
depth_avg,2021-10-20T00:00:00Z,NA,0.02,NA,3_34
depth_avg,2023-11-14T00:00:00Z,-0.3911810357876314,-0.21,0.18118103578763142,3_34
revised_depth,2021-10-20T00:00:00Z,NA,0.02,NA,3_34
revised_depth,2023-11-14T00:00:00Z,0.012152297545701907,-0.21,-0.2221522975457019,3_34
original_depth,2021-10-20T00:00:00Z,NA,0.1,NA,3_638
original_depth,2022-10-19T00:00:00Z,-0.03701962585743336,0.06,0.09701962585743336,3_638
original_depth,2024-05-03T00:00:00Z,-0.09612929747417914,4e-4,0.09652929747417914,3_638
depth_avg,2021-10-20T00:00:00Z,NA,0.1,NA,3_638
depth_avg,2022-10-19T00:00:00Z,-0.07035295919076667,0.06,0.13035295919076667,3_638
depth_avg,2024-05-03T00:00:00Z,-0.014462630807512478,4e-4,0.014862630807512477,3_638
revised_depth,2021-10-20T00:00:00Z,NA,0.1,NA,3_638
revised_depth,2022-10-19T00:00:00Z,-0.03701962585743333,0.06,0.09701962585743333,3_638
revised_depth,2024-05-03T00:00:00Z,0.01887070252582085,4e-4,-0.018470702525820847,3_638
original_depth,2023-10-30T00:00:00Z,0.062383703818791145,0.03,-0.032383703818791146,5_161
original_depth,2024-04-09T00:00:00Z,0.27771584967412377,0.105,-0.1727158496741238,5_161
depth_avg,2023-10-30T00:00:00Z,0.11571703715212454,0.03,-0.085717037152124545,5_161
depth_avg,2024-04-09T00:00:00Z,0.0910491830074571,0.105,0.013950816992542895,5_161
revised_depth,2023-10-30T00:00:00Z,-0.017616296181208767,0.03,0.047616296181208766,5_161
revised_depth,2024-04-09T00:00:00Z,-0.042284150325876194,0.105,0.1472841503258762,5_161
original_depth,2021-11-03T00:00:00Z,0.16108438461936225,0.19,0.028915615380637756,5_321
original_depth,2022-10-12T00:00:00Z,0.00561691062776087,0.01,0.00438308937223913,5_321
original_depth,2023-10-30T00:00:00Z,-0.04074814422356093,0.04,0.08074814422356093,5_321
original_depth,2024-04-09T00:00:00Z,0.01951445448345432,0.235,0.21548554551654567,5_321
depth_avg,2021-11-03T00:00:00Z,0.17441771795269562,0.19,0.015582282047304375,5_321
depth_avg,2022-10-12T00:00:00Z,0.01895024396109461,0.01,-0.0089502439610946085,5_321
depth_avg,2023-10-30T00:00:00Z,0.0025851891097730256,0.04,0.037414810890226975,5_321
depth_avg,2024-04-09T00:00:00Z,-0.03715221218321324,0.235,0.2721522121832132,5_321
revised_depth,2021-11-03T00:00:00Z,0.1610843846193622,0.19,0.028915615380637794,5_321
revised_depth,2022-10-12T00:00:00Z,0.005616910627761189,0.01,0.0043830893722388116,5_321
revised_depth,2023-10-30T00:00:00Z,-0.010748144223560394,0.04,0.050748144223560394,5_321
revised_depth,2024-04-09T00:00:00Z,-0.05048554551654666,0.235,0.28548554551654665,5_321
original_depth,2021-11-03T00:00:00Z,0.47732208312901464,0.01,-0.46732208312901463,5_510
original_depth,2023-10-30T00:00:00Z,0.04064778856830453,-0.59,-0.6306477885683045,5_510
original_depth,2024-04-09T00:00:00Z,0.4153243350486706,-0.0022,-0.4175243350486706,5_510
depth_avg,2021-11-03T00:00:00Z,0.5273220831290147,0.01,-0.5173220831290147,5_510
depth_avg,2023-10-30T00:00:00Z,0.09064778856830447,-0.59,-0.6806477885683044,5_510
depth_avg,2024-04-09T00:00:00Z,0.31532433504867063,-0.0022,-0.3175243350486706,5_510
revised_depth,2021-11-03T00:00:00Z,0.4773220831290147,0.01,-0.4673220831290147,5_510
revised_depth,2023-10-30T00:00:00Z,0.04064778856830442,-0.59,-0.6306477885683044,5_510
revised_depth,2024-04-09T00:00:00Z,0.2653243350486706,-0.0022,-0.26752433504867057,5_510
original_depth,2021-12-13T00:00:00Z,0.075391840783681,0.45,0.374608159216319,5_560
original_depth,2022-10-12T00:00:00Z,-0.09356783266926247,0.14,0.23356783266926248,5_560
original_depth,2023-10-30T00:00:00Z,0.0371127669528068,0.3,0.2628872330471932,5_560
original_depth,2024-04-15T00:00:00Z,0.01552559196027481,0.47,0.45447440803972516,5_560
depth_avg,2021-12-13T00:00:00Z,0.15872517411701437,0.45,0.29127482588298564,5_560
depth_avg,2022-10-12T00:00:00Z,-0.010234499335929098,0.14,0.1502344993359291,5_560
depth_avg,2023-10-30T00:00:00Z,-0.039553899713860474,0.3,0.33955389971386046,5_560
depth_avg,2024-04-15T00:00:00Z,0.008858925293608322,0.47,0.46114107470639165,5_560
revised_depth,2021-12-13T00:00:00Z,0.075391840783681,0.45,0.374608159216319,5_560
revised_depth,2022-10-12T00:00:00Z,-0.09356783266926247,0.14,0.23356783266926248,5_560
revised_depth,2023-10-30T00:00:00Z,-0.12288723304719384,0.3,0.42288723304719383,5_560
revised_depth,2024-04-15T00:00:00Z,-0.07447440803972505,0.47,0.544474408039725,5_560
original_depth,2021-10-20T00:00:00Z,0.08435979235594887,0.19,0.10564020764405113,5_573
original_depth,2022-10-12T00:00:00Z,-0.030048161598299206,0.1,0.1300481615982992,5_573
original_depth,2023-10-30T00:00:00Z,0.09185148339993658,0.16,0.06814851660006342,5_573
original_depth,2024-04-09T00:00:00Z,0.02606460105482189,0.21,0.1839353989451781,5_573
depth_avg,2021-10-20T00:00:00Z,0.15769312568928232,0.19,0.03230687431071769,5_573
depth_avg,2022-10-12T00:00:00Z,0.04328517173503411,0.1,0.0567148282649659,5_573
depth_avg,2023-10-30T00:00:00Z,0.04518481673326996,0.16,0.11481518326673004,5_573
depth_avg,2024-04-09T00:00:00Z,-6.02065611844671e-4,0.21,0.21060206561184466,5_573
revised_depth,2021-10-20T00:00:00Z,0.08435979235594895,0.19,0.10564020764405105,5_573
revised_depth,2022-10-12T00:00:00Z,-0.03004816159829926,0.1,0.13004816159829927,5_573
revised_depth,2023-10-30T00:00:00Z,-0.0281485166000634,0.16,0.1881485166000634,5_573
revised_depth,2024-04-09T00:00:00Z,-0.07393539894517806,0.21,0.28393539894517805,5_573
original_depth,2021-09-27T00:00:00Z,NA,0.49,NA,5_597
original_depth,2021-12-13T00:00:00Z,0.06211647927428077,0.52,0.45788352072571925,5_597
original_depth,2022-10-17T00:00:00Z,-0.07799063234490133,0.32,0.39799063234490134,5_597
original_depth,2023-10-30T00:00:00Z,0.009277628100710866,0.42,0.4107223718992891,5_597
original_depth,2024-04-15T00:00:00Z,0.03088948499575339,0.5,0.4691105150042466,5_597
depth_avg,2021-09-27T00:00:00Z,NA,0.49,NA,5_597
depth_avg,2021-12-13T00:00:00Z,0.11878314594094574,0.52,0.4012168540590543,5_597
depth_avg,2022-10-17T00:00:00Z,-0.02132396567823497,0.32,0.341323965678235,5_597
depth_avg,2023-10-30T00:00:00Z,-0.024055705232621738,0.42,0.4440557052326217,5_597
depth_avg,2024-04-15T00:00:00Z,0.007556151662420463,0.5,0.49244384833757954,5_597
revised_depth,2021-09-27T00:00:00Z,NA,0.49,NA,5_597
revised_depth,2021-12-13T00:00:00Z,0.0621164792742791,0.52,0.4578835207257209,5_597
revised_depth,2022-10-17T00:00:00Z,-0.07799063234490161,0.32,0.3979906323449016,5_597
revised_depth,2023-10-30T00:00:00Z,-0.08072237189928838,0.42,0.5007223718992884,5_597
revised_depth,2024-04-15T00:00:00Z,-0.049110515004246236,0.5,0.5491105150042462,5_597
original_depth,2021-09-27T00:00:00Z,NA,0.11,NA,5a_550
original_depth,2021-12-13T00:00:00Z,0.08381703763407491,0.065,-0.01881703763407492,5a_550
original_depth,2023-10-30T00:00:00Z,0.06751953432760617,0.04,-0.02751953432760617,5a_550
original_depth,2024-04-15T00:00:00Z,0.03348920301146393,0.08,0.04651079698853607,5a_550
depth_avg,2021-09-27T00:00:00Z,NA,0.11,NA,5a_550
depth_avg,2021-12-13T00:00:00Z,0.11048370430074167,0.065,-0.045483704300741674,5a_550
depth_avg,2023-10-30T00:00:00Z,0.05418620099427276,0.04,-0.014186200994272757,5a_550
depth_avg,2024-04-15T00:00:00Z,0.02015586967813058,0.08,0.05984413032186942,5a_550
revised_depth,2021-09-27T00:00:00Z,NA,0.11,NA,5a_550
revised_depth,2021-12-13T00:00:00Z,0.083817037634075,0.065,-0.018817037634075003,5a_550
revised_depth,2023-10-30T00:00:00Z,0.027519534327606086,0.04,0.012480465672393914,5a_550
revised_depth,2024-04-15T00:00:00Z,-0.0065107969885360994,0.08,0.0865107969885361,5a_550
original_depth,2021-09-27T00:00:00Z,NA,0.29,NA,5a_582
original_depth,2021-12-13T00:00:00Z,0.05406162812325613,0.16,0.10593837187674388,5a_582
original_depth,2024-04-09T00:00:00Z,0.0038771495724810034,0.19,0.186122850427519,5a_582
depth_avg,2021-09-27T00:00:00Z,NA,0.29,NA,5a_582
depth_avg,2021-12-13T00:00:00Z,0.0307282947899227,0.16,0.1292717052100773,5a_582
depth_avg,2024-04-09T00:00:00Z,-0.019456183760852314,0.19,0.20945618376085232,5a_582
revised_depth,2021-09-27T00:00:00Z,NA,0.29,NA,5a_582
revised_depth,2021-12-13T00:00:00Z,0.05406162812325602,0.16,0.10593837187674399,5a_582
revised_depth,2024-04-09T00:00:00Z,0.0038771495724810034,0.19,0.186122850427519,5a_582
original_depth,2021-09-27T00:00:00Z,NA,0.4,NA,5a_598
original_depth,2021-12-13T00:00:00Z,0.07564249293787839,0.28,0.20435750706212163,5a_598
original_depth,2022-10-17T00:00:00Z,0.022314176234413202,0.20199999999999999,0.17968582376558678,5a_598
original_depth,2023-10-30T00:00:00Z,0.03851660945746141,0.25,0.2114833905425386,5a_598
original_depth,2024-04-15T00:00:00Z,0.012823091100727657,0.28,0.26717690889927237,5a_598
depth_avg,2021-09-27T00:00:00Z,NA,0.4,NA,5a_598
depth_avg,2021-12-13T00:00:00Z,0.08897582627121162,0.28,0.1910241737287884,5a_598
depth_avg,2022-10-17T00:00:00Z,0.03564750956774651,0.20199999999999999,0.16635249043225347,5a_598
depth_avg,2023-10-30T00:00:00Z,0.021849942790794746,0.25,0.22815005720920525,5a_598
depth_avg,2024-04-15T00:00:00Z,0.016156424434060845,0.28,0.2638435755659392,5a_598
revised_depth,2021-09-27T00:00:00Z,NA,0.4,NA,5a_598
revised_depth,2021-12-13T00:00:00Z,0.07564249293787831,0.28,0.20435750706212172,5a_598
revised_depth,2022-10-17T00:00:00Z,0.022314176234413202,0.20199999999999999,0.17968582376558678,5a_598
revised_depth,2023-10-30T00:00:00Z,0.008516609457461438,0.25,0.24148339054253856,5a_598
revised_depth,2024-04-15T00:00:00Z,0.0028230911007275372,0.28,0.2771769088992725,5a_598
original_depth,2024-05-01T00:00:00Z,-0.007980720377025075,-0.1,-0.09201927962297493,6_20
depth_avg,2024-05-01T00:00:00Z,-0.42131405371035835,-0.1,0.3213140537103583,6_20
revised_depth,2024-05-01T00:00:00Z,-0.08798072037702492,-0.1,-0.012019279622975079,6_20
original_depth,2021-12-01T00:00:00Z,0.024241729089519326,0.22,0.19575827091048068,6_300
original_depth,2022-10-19T00:00:00Z,-0.09477908228543705,0.09,0.18477908228543705,6_300
original_depth,2023-11-17T00:00:00Z,-0.024619253480931136,0.05,0.07461925348093114,6_300
original_depth,2024-05-01T00:00:00Z,-0.20801672876073016,0.15,0.35801672876073015,6_300
depth_avg,2021-12-01T00:00:00Z,0.030908395756186036,0.22,0.18909160424381397,6_300
depth_avg,2022-10-19T00:00:00Z,-0.08811241561877037,0.09,0.17811241561877036,6_300
depth_avg,2023-11-17T00:00:00Z,-0.13795258681426453,0.05,0.18795258681426452,6_300
depth_avg,2024-05-01T00:00:00Z,-0.10135006209406347,0.15,0.25135006209406346,6_300
revised_depth,2021-12-01T00:00:00Z,0.024241729089519326,0.22,0.19575827091048068,6_300
revised_depth,2022-10-19T00:00:00Z,-0.09477908228543708,0.09,0.18477908228543707,6_300
revised_depth,2023-11-17T00:00:00Z,-0.14461925348093124,0.05,0.19461925348093123,6_300
revised_depth,2024-05-01T00:00:00Z,-0.10801672876073018,0.15,0.2580167287607302,6_300
original_depth,2023-11-17T00:00:00Z,-0.006874343392955173,-0.29,-0.2831256566070448,6_629
original_depth,2024-04-09T00:00:00Z,-0.7328323304199054,-0.18,0.5528323304199054,6_629
depth_avg,2023-11-17T00:00:00Z,-0.2568743433929551,-0.29,-0.03312565660704486,6_629
depth_avg,2024-04-09T00:00:00Z,-0.2828323304199062,-0.18,0.10283233041990616,6_629
revised_depth,2023-11-17T00:00:00Z,-0.05687434339295516,-0.29,-0.23312565660704482,6_629
revised_depth,2024-04-09T00:00:00Z,-0.0828323304199062,-0.18,-0.09716766958009379,6_629
original_depth,2021-12-01T00:00:00Z,0.015952880418157567,0.275,0.25904711958184246,6_93
original_depth,2023-11-13T00:00:00Z,-0.010471948374726758,-0.75,-0.7395280516252732,6_93
original_depth,2024-04-09T00:00:00Z,-0.36124213302972075,0.233,0.5942421330297207,6_93
depth_avg,2021-12-01T00:00:00Z,-0.024047119581842635,0.275,0.29904711958184266,6_93
depth_avg,2023-11-13T00:00:00Z,-0.15047194837472677,-0.75,-0.5995280516252732,6_93
depth_avg,2024-04-09T00:00:00Z,-0.18124213302971995,0.233,0.41424213302971996,6_93
revised_depth,2021-12-01T00:00:00Z,0.0159528804181574,0.275,0.2590471195818426,6_93
revised_depth,2023-11-13T00:00:00Z,-0.11047194837472674,-0.75,-0.6395280516252733,6_93
revised_depth,2024-04-09T00:00:00Z,-0.1412421330297199,0.233,0.3742421330297199,6_93
original_depth,2023-11-13T00:00:00Z,0.08318585288685709,-0.56,-0.6431858528868571,6a_17
original_depth,2024-04-24T00:00:00Z,-0.0696261016764455,-0.27,-0.2003738983235545,6a_17
depth_avg,2023-11-13T00:00:00Z,0.0031858528868570213,-0.56,-0.5631858528868571,6a_17
depth_avg,2024-04-24T00:00:00Z,-0.04962610167644527,-0.27,-0.22037389832355475,6a_17
revised_depth,2023-11-13T00:00:00Z,-0.016814147113142996,-0.56,-0.5431858528868571,6a_17
revised_depth,2024-04-24T00:00:00Z,-0.06962610167644528,-0.27,-0.20037389832355473,6a_17
original_depth,2021-12-08T00:00:00Z,-4.5040784296399017e-4,0.05,0.05045040784296399,6a_530
original_depth,2023-11-13T00:00:00Z,-0.005874093717884221,-0.05,-0.04412590628211578,6a_530
original_depth,2024-04-22T00:00:00Z,-0.001173702607145423,0.04,0.041173702607145424,6a_530
depth_avg,2021-12-08T00:00:00Z,0.009549592157035977,0.05,0.040450407842964026,6a_530
depth_avg,2023-11-13T00:00:00Z,-0.005874093717884242,-0.05,-0.04412590628211576,6a_530
depth_avg,2024-04-22T00:00:00Z,-0.011173702607145307,0.04,0.05117370260714531,6a_530
revised_depth,2021-12-08T00:00:00Z,-4.504078429640318e-4,0.05,0.050450407842964035,6a_530
revised_depth,2023-11-13T00:00:00Z,-0.01587409371788425,-0.05,-0.03412590628211575,6a_530
revised_depth,2024-04-22T00:00:00Z,-0.021173702607145316,0.04,0.06117370260714532,6a_530
original_depth,2023-11-13T00:00:00Z,0.02363792773040113,-0.29,-0.3136379277304011,7_243
original_depth,2024-04-24T00:00:00Z,-0.009161654989976509,-0.14,-0.1308383450100235,7_243
depth_avg,2023-11-13T00:00:00Z,-0.03302873893626562,-0.29,-0.25697126106373436,7_243
depth_avg,2024-04-24T00:00:00Z,-0.0058283216566432094,-0.14,-0.1341716783433568,7_243
revised_depth,2023-11-13T00:00:00Z,-0.03636207226959892,-0.29,-0.25363792773040106,7_243
revised_depth,2024-04-24T00:00:00Z,-0.009161654989976509,-0.14,-0.1308383450100235,7_243
original_depth,2023-11-17T00:00:00Z,0.033391330814281805,-0.21,-0.2433913308142818,7_341
original_depth,2024-05-03T00:00:00Z,0.01126443929655635,-0.29,-0.30126443929655633,7_341
depth_avg,2023-11-17T00:00:00Z,0.016724664147614643,-0.21,-0.22672466414761464,7_341
depth_avg,2024-05-03T00:00:00Z,-0.015402227370108879,-0.29,-0.2745977726298911,7_341
revised_depth,2023-11-17T00:00:00Z,-0.02660866918571858,-0.21,-0.1833913308142814,7_341
revised_depth,2024-05-03T00:00:00Z,-0.05873556070344213,-0.29,-0.23126443929655785,7_341
original_depth,2023-11-13T00:00:00Z,0.023490489556736882,-0.15,-0.17349048955673688,7_626
original_depth,2024-04-24T00:00:00Z,-0.0025265238409267407,0.04,0.04252652384092674,7_626
depth_avg,2023-11-13T00:00:00Z,-0.04650951044326307,-0.15,-0.10349048955673693,7_626
depth_avg,2024-04-24T00:00:00Z,0.0174734761590733,0.04,0.0225265238409267,7_626
revised_depth,2023-11-13T00:00:00Z,-0.09650951044326311,-0.15,-0.053490489556736874,7_626
revised_depth,2024-04-24T00:00:00Z,-0.03252652384092674,0.04,0.07252652384092674,7_626
original_depth,2021-12-08T00:00:00Z,0.2429340337468556,0.27,0.02706596625314442,9_332
original_depth,2023-11-10T00:00:00Z,-0.21161100276746003,0.05,0.26161100276746,9_332
original_depth,2024-04-24T00:00:00Z,0.923940337670885,0.15,-0.773940337670885,9_332
depth_avg,2021-12-08T00:00:00Z,0.06293403374685547,0.27,0.20706596625314455,9_332
depth_avg,2023-11-10T00:00:00Z,0.38338899723253983,0.05,-0.33338899723253984,9_332
depth_avg,2024-04-24T00:00:00Z,0.5089403376708849,0.15,-0.3589403376708849,9_332
revised_depth,2021-12-08T00:00:00Z,0.24293403374685546,0.27,0.027065966253144558,9_332
revised_depth,2023-11-10T00:00:00Z,-0.05161100276746017,0.05,0.10161100276746017,9_332
revised_depth,2024-04-24T00:00:00Z,0.07394033767088493,0.15,0.07605966232911507,9_332
original_depth,2021-12-14T00:00:00Z,0.07515039641649512,0.27,0.1948496035835049,9_439
original_depth,2023-11-10T00:00:00Z,-0.014443191916686915,-0.46,-0.4455568080833131,9_439
original_depth,2024-04-22T00:00:00Z,0.01989913002553287,0.12,0.10010086997446713,9_439
depth_avg,2021-12-14T00:00:00Z,0.09181706308316173,0.27,0.17818293691683829,9_439
depth_avg,2023-11-10T00:00:00Z,0.002223474749979748,-0.46,-0.46222347474997977,9_439
depth_avg,2024-04-22T00:00:00Z,-0.013434203307800457,0.12,0.13343420330780045,9_439
revised_depth,2021-12-14T00:00:00Z,0.07515039641649512,0.27,0.1948496035835049,9_439
revised_depth,2023-11-10T00:00:00Z,-0.01444319191668686,-0.46,-0.44555680808331316,9_439
revised_depth,2024-04-22T00:00:00Z,-0.030100869974467065,0.12,0.15010086997446706,9_439
original_depth,2021-12-14T00:00:00Z,0.2830553755046903,0.155,-0.12805537550469032,9_508
original_depth,2023-11-10T00:00:00Z,0.07093812763383112,-0.41,-0.4809381276338311,9_508
original_depth,2024-04-22T00:00:00Z,0.08579532623740589,-7.000000000000001e-4,-0.0864953262374059,9_508
depth_avg,2021-12-14T00:00:00Z,0.3863887088380237,0.155,-0.23138870883802368,9_508
depth_avg,2023-11-10T00:00:00Z,0.004271460967164464,-0.41,-0.41427146096716444,9_508
depth_avg,2024-04-22T00:00:00Z,0.04912865957073917,-7.000000000000001e-4,-0.04982865957073917,9_508
revised_depth,2021-12-14T00:00:00Z,0.2830553755046904,0.155,-0.1280553755046904,9_508
revised_depth,2023-11-10T00:00:00Z,-0.09906187236616881,-0.41,-0.31093812763383116,9_508
revised_depth,2024-04-22T00:00:00Z,-0.05420467376259411,-7.000000000000001e-4,0.05350467376259411,9_508
original_depth,2021-12-14T00:00:00Z,0.06455824911649824,0.13,0.06544175088350176,9_609
original_depth,2023-11-10T00:00:00Z,0.057389296899805986,-0.52,-0.577389296899806,9_609
original_depth,2024-04-22T00:00:00Z,0.20478547534367794,-0.008,-0.21278547534367795,9_609
depth_avg,2021-12-14T00:00:00Z,0.11789158244983153,0.13,0.012108417550168482,9_609
depth_avg,2023-11-10T00:00:00Z,0.010722630233139352,-0.52,-0.5307226302331394,9_609
depth_avg,2024-04-22T00:00:00Z,0.19811880867701132,-0.008,-0.20611880867701132,9_609
revised_depth,2021-12-14T00:00:00Z,0.06455824911649818,0.13,0.06544175088350182,9_609
revised_depth,2023-11-10T00:00:00Z,-0.04261070310019399,-0.52,-0.477389296899806,9_609
revised_depth,2024-04-22T00:00:00Z,0.14478547534367797,-0.008,-0.15278547534367798,9_609
original_depth,2021-12-13T00:00:00Z,0.0551276357098166,0.49,0.4348723642901834,9_77
original_depth,2023-11-10T00:00:00Z,0.028973315522388576,0.63,0.6010266844776114,9_77
original_depth,2024-04-15T00:00:00Z,0.0206085850188229,0.51,0.4893914149811771,9_77
depth_avg,2021-12-13T00:00:00Z,0.1117943023764833,0.49,0.3782056976235167,9_77
depth_avg,2023-11-10T00:00:00Z,-0.014360017810944536,0.63,0.6443600178109445,9_77
depth_avg,2024-04-15T00:00:00Z,0.007275251685488482,0.51,0.5027247483145115,9_77
revised_depth,2021-12-13T00:00:00Z,0.05512763570981666,0.49,0.43487236429018333,9_77
revised_depth,2023-11-10T00:00:00Z,-0.07102668447761118,0.63,0.7010266844776112,9_77
revised_depth,2024-04-15T00:00:00Z,-0.04939141498117816,0.51,0.5593914149811782,9_77
